K,logLik,AIC,BIC,npar
1,-11757.835253043328,23531.670506086655,23573.012979561187,NA
2,-11113.773420442321,22319.546840884643,22557.2660633632,NA
3,-10589.932920003585,21387.86584000717,21925.31799517608,NA
4,-10401.945463726875,21167.89092745375,22108.432198999344,NA
5,-10208.134660963318,20976.269321926637,22423.255893535243,NA
