K,logLik,npar,AIC,BIC
1,-11555.352820135055,8,23126.70564027011,23167.904974959165
2,-10994.893318909086,19,22027.78663781817,22125.635057704683
3,-10596.485248461182,32,21256.970496922364,21421.76783567859
4,-10434.279361283501,47,20962.558722567002,21204.60481386521
5,-10310.156058191695,64,20748.31211638339,21077.906793895843
