term,ame_main,se_cluster,se_boot,ci_lo_boot,ci_hi_boot,ci_lo_clust,ci_hi_clust,n_boot,ci_width_boot,ci_width_clust,se_ratio
edu_high,-0.2204902253263132,0.0652897254445822,0.06454719386834179,-0.3461431394710064,-0.08702214098856326,-0.34845808719769433,-0.09252236345493212,999,0.25912099848244313,0.2559357237427622,0.989
employed,-0.14926025318936226,0.06706708260747522,0.0684996711463267,-0.2839742812899422,-0.014055938789574635,-0.2807117351000137,-0.017808771278710833,999,0.26991834250036756,0.26290296382130285,1.021
