term,contrast,estimate,std.error,statistic,p.value,s.value,conf.low,conf.high,predicted_lo,predicted_hi,predicted,model
edu_high,1 - 0,-0.22882913377294345,0.06525462000799517,-3.5067116128315003,4.536805439461221e-4,11.106035588395745,-0.35672583881346076,-0.10093242873242614,0.5518693694718475,0.32395857642302417,0.5518693694718475,M1: Education only
employed,1 - 0,-0.1295693682705477,0.06749446716441666,-1.9197035507357434,0.054895355498131994,4.187172096705661,-0.26185609306852564,0.002717356527430187,0.49652138692553005,0.3674145569879551,0.49652138692553005,M2: Employment only
edu_high,1 - 0,-0.2204902253263132,0.0652897254445822,-3.3771044957673304,7.325321537679196e-4,10.414820292965514,-0.34845573575820266,-0.09252471489442377,NA,NA,NA,M3: Full (preferred)
employed,1 - 0,-0.14926025318936226,0.06706708260747522,-2.2255366923135833,0.026045230762449162,5.262836970256999,-0.28070931964818635,-0.017811186730538192,NA,NA,NA,M3: Full (preferred)
edu_ord,+1,-0.11276207950998943,0.025290162934295556,-4.458732820462564,8.244561217932029e-6,16.88812585498931,-0.16232988802435852,-0.06319427099562033,NA,NA,NA,M4: Ordinal education
employed,1 - 0,-0.147875974622163,0.0686338509090411,-2.1545632754621287,0.031196025455227868,5.002493956241436,-0.28239585052417515,-0.013356098720150839,NA,NA,NA,M4: Ordinal education
