ola,mean_jacc,p_two_plus,prev_gamma_soft,prev_gamma_hard
1,0.14141904658732038,0.3395638629283489,0.07589988254841785,0.07289719626168224
2,0.14714609498041606,0.3401869158878505,0.07951231233595983,0.07601246105919003
3,0.10580373173872061,0.31588785046728973,0.06625495199477771,0.056074766355140186
