test,term,estimate,se
m1_soft,trust,0.015486754813908432,0.022239510030459205
m1_hard,trust,0.03960641251223185,0.17649259030519504
m2_soft,d_p_gamma,0.028480507605108316,0.01637552152488116
m2_hard,enter_gamma_hard,0.007931288025897463,0.01308670385320421
m3_soft,gamma_next,0.164606560467346,0.19638589335883389
m3_hard,gamma_next_hard,-0.009159356638366312,0.1542408085112459
