term,contrast,estimate,std.error,statistic,p.value,s.value,conf.low,conf.high,predicted_lo,predicted_hi,predicted,predictor,with_controls,spec,n_obs
trust,1 - 0,0.02025937659666032,0.0291101721332735,0.6959552318656151,0.4864568664049441,1.0396162063917116,-0.03679551236831723,0.0773142655616379,2.944783841421338,2.9650432180179984,2.9650432180179984,trust,FALSE,A2_M1,3891
trust,1 - 0,0.01924674882924694,0.02919331947546213,0.6592860686988478,0.5097120866853135,0.972245530943236,-0.03797110593183057,0.07646460359032446,2.9716978006777803,2.9909445495070273,2.9909445495070273,trust,TRUE,A2_M2,3891
trust_nh,1 - 0,-0.02804935153528021,0.0170890210460807,-1.6413667851215623,0.10072130034627293,3.3115592809134924,-0.06154321731664538,0.00544451424608496,2.9603806852282593,2.932331333692979,2.9603806852282593,trust_nh,FALSE,A2_M3,3891
trust_nh,1 - 0,-0.01761144118546331,0.01746623171888031,-1.0083137261041852,0.31330387555544376,1.674365478992511,-0.05184462630009984,0.01662174392917321,2.982246828948098,2.964635387762635,2.982246828948098,trust_nh,TRUE,A2_M4,3891
