ola,N,age_mean,age_sd,woman,secondary_or_higher,generalized_trust,neighborhood_trust,membership_domains_mean,membership_domains_sd
1,1605,47.1183800623053,14.703459221723609,0.6498442367601246,0.871571072319202,0.16730038022813687,1.954459203036053,1.2280373831775702,1.3368315720270112
2,1605,49.26355140186916,14.777685833770684,0.653582554517134,0.8659600997506235,0.17407639323731997,1.9184952978056427,1.250467289719626,1.3774348538194656
3,1605,53.3619937694704,14.773237784111386,0.6523364485981309,0.8696194635059263,0.10093457943925234,1.900687070580887,1.1545171339563862,1.2025740656103323
