term,contrast,estimate,std.error,statistic,p.value,s.value,conf.low,conf.high,outcome,ref_clase,ref_label,with_controls,spec,n_obs,n_id,vcov_type,sigma_u,contrast_label
clase_f,2 - 1,0.05947416433094907,0.018099344041802766,3.285984519305552,0.0010162659504235683,9.942506288901615,0.02400010186521604,0.0949482267966821,trust,1,β (Closed/Clustering),FALSE,T5_M5,3891,1297,model_vcov (fallback),0.905,γ vs β
clase_f,3 - 1,0.024828527263832462,0.008100835026618517,3.064934316307943,0.0021771780631015046,8.843324879778061,0.008951182366959604,0.04070587216070532,trust,1,β (Closed/Clustering),FALSE,T5_M5,3891,1297,model_vcov (fallback),0.905,α vs β
clase_f,2 - 1,0.05610569432633371,0.017772961421078873,3.1568005464633435,0.0015951041203026333,9.292133685786952,0.021271330042399304,0.0909400586102681,trust,1,β (Closed/Clustering),TRUE,T5_M6,3891,1297,model_vcov (fallback),0.889,γ vs β
clase_f,3 - 1,0.023412820070320167,0.008195230643965597,2.8568836055346107,0.004278226905857236,7.868771283394805,0.007350463163148607,0.03947517697749173,trust,1,β (Closed/Clustering),TRUE,T5_M6,3891,1297,model_vcov (fallback),0.889,α vs β
clase_f,2 - 1,0.037108921089981206,0.03482034919164073,1.065725127733351,0.2865479152657654,1.8031516946960504,-0.03113770925474299,0.1053555514347054,trust_nh,1,β (Closed/Clustering),FALSE,T5_M7,3891,1297,model_vcov (fallback),1.0058,γ vs β
clase_f,3 - 1,-0.053914097443214945,0.023716317112967695,-2.273291303468682,0.023008631260972908,5.441681026801172,-0.10039722483056257,-0.00743097005586732,trust_nh,1,β (Closed/Clustering),FALSE,T5_M7,3891,1297,model_vcov (fallback),1.0058,α vs β
clase_f,2 - 1,0.021809478822283818,0.03506029569316701,0.6220563287072997,0.5339048296766997,0.9053454952778789,-0.046907438023648274,0.09052639566821591,trust_nh,1,β (Closed/Clustering),TRUE,T5_M8,3891,1297,model_vcov (fallback),1.0075,γ vs β
clase_f,3 - 1,-0.058272403827847846,0.02386278488644819,-2.4419783401283173,0.014607022977786214,6.097194013880056,-0.10504260277611302,-0.01150220487958268,trust_nh,1,β (Closed/Clustering),TRUE,T5_M8,3891,1297,model_vcov (fallback),1.0075,α vs β
