from_state,1,2,3
1,0.5894363718535311,0.05203394401185546,0.02519635080128015
2,0.03025919821810068,0.6090886154777517,0.02731885297081432
3,0.13086639067941527,0.2258301803709543,0.30997009561629707
