from,alpha,beta,gamma
alpha,0.29777300713639115,0.6829179805731622,0.01930901229044671
beta,0.6054158963067015,0.24499297079185042,0.1495911329014482
gamma,0.3666630740016833,0.5599131047341807,0.07342382126413612
