position,n,trust,trust_nh
alpha,2160,0.08564814814814815,0.46944444444444444
beta,1334,0.05322338830584707,0.5187406296851574
gamma,397,0.15365239294710328,0.5793450881612091
